{"cameraMode":{"drawMode":0,"name":"Shaded","section":"Shading Mode"},"sceneLighting":false,"audioPlay":false,"sceneViewState":{"m_AlwaysRefresh":false,"showFog":true,"showSkybox":true,"showFlares":true,"showImageEffects":true,"showParticleSystems":true,"showVisualEffectGraphs":true,"m_FxEnabled":true},"in2DMode":false,"pivot":{"x":6.207509994506836,"y":0.46707218885421755,"z":-3.9449527263641359},"rotation":{"x":-0.1023208275437355,"y":0.8968853950500488,"z":-0.28365209698677065,"w":-0.32353076338768008},"size":4.3205366134643559,"orthographic":false}