{"cameraMode":{"drawMode":0,"name":"Shaded","section":"Shading Mode"},"sceneLighting":false,"audioPlay":false,"sceneViewState":{"m_AlwaysRefresh":false,"showFog":true,"showSkybox":true,"showFlares":true,"showImageEffects":true,"showParticleSystems":true,"showVisualEffectGraphs":true,"m_FxEnabled":true},"in2DMode":false,"pivot":{"x":4.366968631744385,"y":0.9499999284744263,"z":1.9257855415344239},"rotation":{"x":0.08391912281513214,"y":0.9156380295753479,"z":-0.29260703921318056,"w":0.2626022398471832},"size":0.5017239451408386,"orthographic":false}