{"cameraMode":{"drawMode":0,"name":"Shaded","section":"Shading Mode"},"sceneLighting":false,"audioPlay":false,"sceneViewState":{"m_AlwaysRefresh":false,"showFog":true,"showSkybox":true,"showFlares":true,"showImageEffects":true,"showParticleSystems":true,"showVisualEffectGraphs":true,"m_FxEnabled":true},"in2DMode":false,"pivot":{"x":0.20530688762664796,"y":1.4781603813171387,"z":-0.46447229385375979},"rotation":{"x":0.0021341023966670038,"y":0.9977294206619263,"z":0.03862167149782181,"w":-0.055129799991846088},"size":1.0144126415252686,"orthographic":false}