{"cameraMode":{"drawMode":0,"name":"Shaded","section":"Shading Mode"},"sceneLighting":false,"audioPlay":false,"sceneViewState":{"m_AlwaysRefresh":false,"showFog":true,"showSkybox":true,"showFlares":true,"showImageEffects":true,"showParticleSystems":true,"showVisualEffectGraphs":true,"m_FxEnabled":true},"in2DMode":false,"pivot":{"x":-1.3892014026641846,"y":-0.21437740325927735,"z":-0.12468910217285156},"rotation":{"x":-0.1023208275437355,"y":0.8968853950500488,"z":-0.28365209698677065,"w":-0.32353076338768008},"size":13.185843467712403,"orthographic":false}